Loss ,Eval Acc
0.724394175,0.673611104
1.405410808,0.319444448
0.672980965,0.743055582
1.176659616,0.5
1.334693549,0.350694448
1.334180266,0.388888896
1.557593259,0.402777791
0.656412355,0.760416687
0.551263053,0.770833313
1.045954227,0.545524697
