Loss ,Eval Acc
0.7438935226786675,0.6493055820465088
1.4719696505150448,0.3159722089767456
0.5811494735291691,0.7881944179534912
1.2108713363607724,0.4409722089767456
1.4062519268287967,0.2986111044883728
1.3798169095987558,0.3472222089767456
1.499179166125889,0.4236111044883728
0.6345037166869992,0.7708333134651184
0.5119073012142508,0.7986111044883728
