Loss ,Eval Acc
0.5446553502826847,0.8020833134651184
1.2892489540196646,0.46875
0.6949964788121482,0.7256944179534912
1.0385120861060892,0.5451388955116272
1.3615868270862848,0.3958333432674408
1.2387607813450612,0.46875
0.49569754429299134,0.8055555820465088
0.7939333996109781,0.6527777910232544
0.7081302137586236,0.71875
